"THRESHOLD","TP","TN","FP","FN","SE","SP","PPV","ACC"
0.0,0,0,108173,0,"NaN",0.0,0.0,0.0
0.001,0,3,108170,0,"NaN",2.7733353054828838e-05,0.0,2.7733353054828838e-05
0.002,0,4,108169,0,"NaN",3.697780407310512e-05,0.0,3.697780407310512e-05
0.003,0,5,108168,0,"NaN",4.62222550913814e-05,0.0,4.62222550913814e-05
0.004,0,6,108167,0,"NaN",5.5466706109657677e-05,0.0,5.5466706109657677e-05
0.005,0,7,108166,0,"NaN",6.471115712793395e-05,0.0,6.471115712793395e-05
0.006,0,8,108165,0,"NaN",7.395560814621024e-05,0.0,7.395560814621024e-05
0.007,0,9,108164,0,"NaN",8.320005916448652e-05,0.0,8.320005916448652e-05
0.008,0,9,108164,0,"NaN",8.320005916448652e-05,0.0,8.320005916448652e-05
0.009000000000000001,0,10,108163,0,"NaN",9.24445101827628e-05,0.0,9.24445101827628e-05
0.01,0,15,108158,0,"NaN",0.0001386667652741442,0.0,0.0001386667652741442
0.011,0,17,108156,0,"NaN",0.00015715566731069677,0.0,0.00015715566731069677
0.012,0,25,108148,0,"NaN",0.000231111275456907,0.0,0.000231111275456907
0.013000000000000001,0,34,108139,0,"NaN",0.00031431133462139353,0.0,0.00031431133462139353
0.014,0,37,108136,0,"NaN",0.00034204468767622234,0.0,0.00034204468767622234
0.015,0,47,108126,0,"NaN",0.00043448919785898514,0.0,0.00043448919785898514
0.016,0,69,108104,0,"NaN",0.0006378671202610633,0.0,0.0006378671202610633
0.017,0,86,108087,0,"NaN",0.00079502278757176,0.0,0.00079502278757176
0.018000000000000002,0,146,108027,0,"NaN",0.0013496898486683368,0.0,0.0013496898486683368
0.019,0,191,107982,0,"NaN",0.0017656901444907695,0.0,0.0017656901444907695
0.02,0,310,107863,0,"NaN",0.0028657798156656467,0.0,0.0028657798156656467
0.021,0,491,107682,0,"NaN",0.004539025449973653,0.0,0.004539025449973653
0.022,0,600,107573,0,"NaN",0.005546670610965768,0.0,0.005546670610965768
0.023,0,738,107435,0,"NaN",0.006822404851487895,0.0,0.006822404851487895
0.024,0,929,107244,0,"NaN",0.008588094995978663,0.0,0.008588094995978663
0.025,0,1110,107063,0,"NaN",0.01026134063028667,0.0,0.01026134063028667
0.026000000000000002,0,1249,106924,0,"NaN",0.011546319321827073,0.0,0.011546319321827073
0.027,0,1329,106844,0,"NaN",0.012285875403289176,0.0,0.012285875403289176
0.028,0,1431,106742,0,"NaN",0.013228809407153356,0.0,0.013228809407153356
0.029,0,1562,106611,0,"NaN",0.014439832490547548,0.0,0.014439832490547548
0.03,0,1707,106466,0,"NaN",0.015780277888197608,0.0,0.015780277888197608
0.031,0,1867,106306,0,"NaN",0.017259390051121815,0.0,0.017259390051121815
0.032,0,2050,106123,0,"NaN",0.018951124587466374,0.0,0.018951124587466374
0.033,0,2297,105876,0,"NaN",0.021234503988980614,0.0,0.021234503988980614
0.034,0,2564,105609,0,"NaN",0.02370277241086038,0.0,0.02370277241086038
0.035,0,2883,105290,0,"NaN",0.026651752285690514,0.0,0.026651752285690514
0.036000000000000004,0,3178,104995,0,"NaN",0.029378865336082017,0.0,0.029378865336082017
0.037,0,3553,104620,0,"NaN",0.03284553446793562,0.0,0.03284553446793562
0.038,0,3788,104385,0,"NaN",0.03501798045723055,0.0,0.03501798045723055
0.039,0,4038,104135,0,"NaN",0.03732909321179962,0.0,0.03732909321179962
0.04,0,4352,103821,0,"NaN",0.04023185083153837,0.0,0.04023185083153837
0.041,0,4667,103506,0,"NaN",0.043143852902295395,0.0,0.043143852902295395
0.042,0,4933,103240,0,"NaN",0.04560287687315689,0.0,0.04560287687315689
0.043000000000000003,0,5220,102953,0,"NaN",0.04825603431540218,0.0,0.04825603431540218
0.044,0,5448,102725,0,"NaN",0.050363769147569175,0.0,0.050363769147569175
0.045,0,5639,102534,0,"NaN",0.05212945929205994,0.0,0.05212945929205994
0.046,0,5898,102275,0,"NaN",0.0545237721057935,0.0,0.0545237721057935
0.047,0,6226,101947,0,"NaN",0.05755595203978812,0.0,0.05755595203978812
0.048,0,6532,101641,0,"NaN",0.060384754051380655,0.0,0.060384754051380655
0.049,0,6826,101347,0,"NaN",0.06310262265075388,0.0,0.06310262265075388
0.05,0,7132,101041,0,"NaN",0.06593142466234643,0.0,0.06593142466234643
0.051000000000000004,0,7439,100734,0,"NaN",0.06876947112495724,0.0,0.06876947112495724
0.052000000000000005,0,7794,100379,0,"NaN",0.07205125123644532,0.0,0.07205125123644532
0.053,0,8129,100044,0,"NaN",0.07514814232756788,0.0,0.07514814232756788
0.054,0,8444,99729,0,"NaN",0.0780601443983249,0.0,0.0780601443983249
0.055,0,8836,99337,0,"NaN",0.0816839691974892,0.0,0.0816839691974892
0.056,0,9320,98853,0,"NaN",0.08615828349033493,0.0,0.08615828349033493
0.057,0,9796,98377,0,"NaN",0.09055864217503444,0.0,0.09055864217503444
0.058,0,10246,97927,0,"NaN",0.09471864513325876,0.0,0.09471864513325876
0.059000000000000004,0,10657,97516,0,"NaN",0.09851811450177031,0.0,0.09851811450177031
0.06,0,11049,97124,0,"NaN",0.10214193930093461,0.0,0.10214193930093461
0.061,0,11340,96833,0,"NaN",0.10483207454725302,0.0,0.10483207454725302
0.062,0,11632,96541,0,"NaN",0.10753145424458968,0.0,0.10753145424458968
0.063,0,11936,96237,0,"NaN",0.11034176735414568,0.0,0.11034176735414568
0.064,0,12248,95925,0,"NaN",0.11322603607184788,0.0,0.11322603607184788
0.065,0,12541,95632,0,"NaN",0.11593466022020282,0.0,0.11593466022020282
0.066,0,12875,95298,0,"NaN",0.1190223068603071,0.0,0.1190223068603071
0.067,0,13226,94947,0,"NaN",0.12226710916772207,0.0,0.12226710916772207
0.068,0,13611,94562,0,"NaN",0.12582622280975844,0.0,0.12582622280975844
0.069,0,13940,94233,0,"NaN",0.12886764719477134,0.0,0.12886764719477134
0.07,0,14211,93962,0,"NaN",0.13137289342072422,0.0,0.13137289342072422
0.07100000000000001,0,14496,93677,0,"NaN",0.13400756196093294,0.0,0.13400756196093294
0.07200000000000001,0,14743,93430,0,"NaN",0.13629094136244718,0.0,0.13629094136244718
0.073,0,15057,93116,0,"NaN",0.13919369898218595,0.0,0.13919369898218595
0.074,0,15338,92835,0,"NaN",0.1417913897183216,0.0,0.1417913897183216
0.075,0,15621,92552,0,"NaN",0.14440756935649376,0.0,0.14440756935649376
0.076,0,15888,92285,0,"NaN",0.14687583777837354,0.0,0.14687583777837354
0.077,0,16207,91966,0,"NaN",0.14982481765320366,0.0,0.14982481765320366
0.078,0,16583,91590,0,"NaN",0.15330073123607554,0.0,0.15330073123607554
0.079,0,16914,91259,0,"NaN",0.15636064452312498,0.0,0.15636064452312498
0.08,0,17268,90905,0,"NaN",0.1596331801835948,0.0,0.1596331801835948
0.081,0,17573,90600,0,"NaN",0.16245273774416907,0.0,0.16245273774416907
0.082,0,17857,90316,0,"NaN",0.16507816183335952,0.0,0.16507816183335952
0.083,0,18222,89951,0,"NaN",0.16845238645503036,0.0,0.16845238645503036
0.084,0,18583,89590,0,"NaN",0.1717896332726281,0.0,0.1717896332726281
0.085,0,18935,89238,0,"NaN",0.17504368003106135,0.0,0.17504368003106135
0.08600000000000001,0,19297,88876,0,"NaN",0.17839017129967738,0.0,0.17839017129967738
0.08700000000000001,0,19570,88603,0,"NaN",0.1809139064276668,0.0,0.1809139064276668
0.088,0,19867,88306,0,"NaN",0.18365950838009484,0.0,0.18365950838009484
0.089,0,20226,87947,0,"NaN",0.18697826629565603,0.0,0.18697826629565603
0.09,0,20613,87560,0,"NaN",0.19055586883972894,0.0,0.19055586883972894
0.091,0,20871,87302,0,"NaN",0.19294093720244423,0.0,0.19294093720244423
0.092,0,21121,87052,0,"NaN",0.1952520499570133,0.0,0.1952520499570133
0.093,0,21367,86806,0,"NaN",0.19752618490750926,0.0,0.19752618490750926
0.094,0,21614,86559,0,"NaN",0.1998095643090235,0.0,0.1998095643090235
0.095,0,21871,86302,0,"NaN",0.20218538822072052,0.0,0.20218538822072052
0.096,0,22165,86008,0,"NaN",0.20490325682009375,0.0,0.20490325682009375
0.097,0,22477,85696,0,"NaN",0.20778752553779595,0.0,0.20778752553779595
0.098,0,22762,85411,0,"NaN",0.21042219407800467,0.0,0.21042219407800467
0.099,0,23057,85116,0,"NaN",0.2131493071283962,0.0,0.2131493071283962
0.1,0,23405,84768,0,"NaN",0.21636637608275633,0.0,0.21636637608275633
0.101,0,23750,84423,0,"NaN",0.21955571168406166,0.0,0.21955571168406166
0.10200000000000001,0,23992,84181,0,"NaN",0.2217928688304845,0.0,0.2217928688304845
0.10300000000000001,0,24226,83947,0,"NaN",0.22395607036876114,0.0,0.22395607036876114
0.10400000000000001,0,24480,83693,0,"NaN",0.22630416092740333,0.0,0.22630416092740333
0.105,0,24748,83425,0,"NaN",0.22878167380030137,0.0,0.22878167380030137
0.106,0,25000,83173,0,"NaN",0.231111275456907,0.0,0.231111275456907
0.107,0,25223,82950,0,"NaN",0.23317278803398261,0.0,0.23317278803398261
0.108,0,25446,82727,0,"NaN",0.2352343006110582,0.0,0.2352343006110582
0.109,0,25641,82532,0,"NaN",0.23703696855962209,0.0,0.23703696855962209
0.11,0,25858,82315,0,"NaN",0.23904301443058804,0.0,0.23904301443058804
0.111,0,26048,82125,0,"NaN",0.24079946012406053,0.0,0.24079946012406053
0.112,0,26204,81969,0,"NaN",0.24224159448291163,0.0,0.24224159448291163
0.113,0,26407,81766,0,"NaN",0.24411821803962172,0.0,0.24411821803962172
0.114,0,26571,81602,0,"NaN",0.24563430800661903,0.0,0.24563430800661903
0.115,0,26803,81370,0,"NaN",0.24777902064285912,0.0,0.24777902064285912
0.116,0,26983,81190,0,"NaN",0.24944302182614886,0.0,0.24944302182614886
0.117,0,27144,81029,0,"NaN",0.25093137844009133,0.0,0.25093137844009133
0.11800000000000001,0,27341,80832,0,"NaN",0.25275253529069175,0.0,0.25275253529069175
0.11900000000000001,0,27540,80633,0,"NaN",0.25459218104332876,0.0,0.25459218104332876
0.12,0,27719,80454,0,"NaN",0.2562469377756002,0.0,0.2562469377756002
0.121,0,27886,80287,0,"NaN",0.25779076109565235,0.0,0.25779076109565235
0.122,0,28063,80110,0,"NaN",0.25942702892588726,0.0,0.25942702892588726
0.123,0,28233,79940,0,"NaN",0.2609985855989942,0.0,0.2609985855989942
0.124,0,28446,79727,0,"NaN",0.26296765366588704,0.0,0.26296765366588704
0.125,0,28626,79547,0,"NaN",0.2646316548491768,0.0,0.2646316548491768
0.126,0,28843,79330,0,"NaN",0.26663770072014276,0.0,0.26663770072014276
0.127,0,29035,79138,0,"NaN",0.2684126353156518,0.0,0.2684126353156518
0.128,0,29216,78957,0,"NaN",0.2700858809499598,0.0,0.2700858809499598
0.129,0,29401,78772,0,"NaN",0.2717961043883409,0.0,0.2717961043883409
0.13,0,29579,78594,0,"NaN",0.2734416166695941,0.0,0.2734416166695941
0.131,0,29763,78410,0,"NaN",0.2751425956569569,0.0,0.2751425956569569
0.132,0,29961,78212,0,"NaN",0.27697299695857563,0.0,0.27697299695857563
0.133,0,30127,78046,0,"NaN",0.2785075758276095,0.0,0.2785075758276095
0.134,0,30284,77889,0,"NaN",0.27995895463747883,0.0,0.27995895463747883
0.135,0,30413,77760,0,"NaN",0.2811514888188365,0.0,0.2811514888188365
0.136,0,30531,77642,0,"NaN",0.28224233403899307,0.0,0.28224233403899307
0.137,0,30660,77513,0,"NaN",0.28343486822035074,0.0,0.28343486822035074
0.138,0,30805,77368,0,"NaN",0.2847753136180008,0.0,0.2847753136180008
0.139,0,30991,77182,0,"NaN",0.2864947815074002,0.0,0.2864947815074002
0.14,0,31141,77032,0,"NaN",0.28788144916014163,0.0,0.28788144916014163
0.14100000000000001,0,31268,76905,0,"NaN",0.2890554944394627,0.0,0.2890554944394627
0.14200000000000002,0,31395,76778,0,"NaN",0.2902295397187838,0.0,0.2902295397187838
0.14300000000000002,0,31561,76612,0,"NaN",0.29176411858781764,0.0,0.29176411858781764
0.14400000000000002,0,31721,76452,0,"NaN",0.2932432307507419,0.0,0.2932432307507419
0.145,0,31913,76260,0,"NaN",0.2950181653462509,0.0,0.2950181653462509
0.146,0,32083,76090,0,"NaN",0.2965897220193579,0.0,0.2965897220193579
0.147,0,32231,75942,0,"NaN",0.2979579007700628,0.0,0.2979579007700628
0.148,0,32393,75780,0,"NaN",0.2994555018350235,0.0,0.2994555018350235
0.149,0,32538,75635,0,"NaN",0.3007959472326736,0.0,0.3007959472326736
0.15,0,32712,75461,0,"NaN",0.3024044817098537,0.0,0.3024044817098537
0.151,0,32842,75331,0,"NaN",0.3036062603422296,0.0,0.3036062603422296
0.152,0,32998,75175,0,"NaN",0.3050483947010807,0.0,0.3050483947010807
0.153,0,33160,75013,0,"NaN",0.3065459957660414,0.0,0.3065459957660414
0.154,0,33320,74853,0,"NaN",0.30802510792896565,0.0,0.30802510792896565
0.155,0,33472,74701,0,"NaN",0.3094302644837436,0.0,0.3094302644837436
0.156,0,33629,74544,0,"NaN",0.310881643293613,0.0,0.310881643293613
0.157,0,33756,74417,0,"NaN",0.3120556885729341,0.0,0.3120556885729341
0.158,0,33874,74299,0,"NaN",0.3131465337930907,0.0,0.3131465337930907
0.159,0,33993,74180,0,"NaN",0.3142466234642656,0.0,0.3142466234642656
0.16,0,34116,74057,0,"NaN",0.3153836909395136,0.0,0.3153836909395136
0.161,0,34240,73933,0,"NaN",0.3165300028657798,0.0,0.3165300028657798
0.162,0,34362,73811,0,"NaN",0.3176578258900095,0.0,0.3176578258900095
0.163,0,34492,73681,0,"NaN",0.31885960452238543,0.0,0.31885960452238543
0.164,0,34609,73564,0,"NaN",0.31994120529152376,0.0,0.31994120529152376
0.165,0,34700,73473,0,"NaN",0.3207824503341869,0.0,0.3207824503341869
0.166,0,34808,73365,0,"NaN",0.32178085104416077,0.0,0.32178085104416077
0.167,0,34927,73246,0,"NaN",0.32288094071533563,0.0,0.32288094071533563
0.168,0,35031,73142,0,"NaN",0.32384236362123636,0.0,0.32384236362123636
0.169,0,35112,73061,0,"NaN",0.32459116415371675,0.0,0.32459116415371675
0.17,0,35204,72969,0,"NaN",0.32544165364739813,0.0,0.32544165364739813
0.171,0,35289,72884,0,"NaN",0.32622743198395165,0.0,0.32622743198395165
0.17200000000000001,0,35363,72810,0,"NaN",0.32691152135930407,0.0,0.32691152135930407
0.17300000000000001,0,35459,72714,0,"NaN",0.3277989886570586,0.0,0.3277989886570586
0.17400000000000002,0,35564,72609,0,"NaN",0.3287696560139776,0.0,0.3287696560139776
0.17500000000000002,0,35668,72505,0,"NaN",0.32973107891987835,0.0,0.32973107891987835
0.176,0,35748,72425,0,"NaN",0.33047063500134044,0.0,0.33047063500134044
0.177,0,35842,72331,0,"NaN",0.3313396133970584,0.0,0.3313396133970584
0.178,0,35906,72267,0,"NaN",0.3319312582622281,0.0,0.3319312582622281
0.179,0,35995,72178,0,"NaN",0.3327540144028547,0.0,0.3327540144028547
0.18,0,36092,72081,0,"NaN",0.3336507261516275,0.0,0.3336507261516275
0.181,0,36222,71951,0,"NaN",0.3348525047840034,0.0,0.3348525047840034
0.182,0,36303,71870,0,"NaN",0.3356013053164838,0.0,0.3356013053164838
0.183,0,36383,71790,0,"NaN",0.3363408613979459,0.0,0.3363408613979459
0.184,0,36457,71716,0,"NaN",0.3370249507732983,0.0,0.3370249507732983
0.185,0,36543,71630,0,"NaN",0.33781997356087007,0.0,0.33781997356087007
0.186,0,36607,71566,0,"NaN",0.3384116184260398,0.0,0.3384116184260398
0.187,0,36678,71495,0,"NaN",0.33906797444833736,0.0,0.33906797444833736
0.188,0,36755,71418,0,"NaN",0.33977979717674467,0.0,0.33977979717674467
0.189,0,36857,71316,0,"NaN",0.34072273118060886,0.0,0.34072273118060886
0.19,0,36951,71222,0,"NaN",0.3415917095763268,0.0,0.3415917095763268
0.191,0,37037,71136,0,"NaN",0.34238673236389855,0.0,0.34238673236389855
0.192,0,37143,71030,0,"NaN",0.3433666441718359,0.0,0.3433666441718359
0.193,0,37222,70951,0,"NaN",0.34409695580227967,0.0,0.34409695580227967
0.194,0,37302,70871,0,"NaN",0.34483651188374176,0.0,0.34483651188374176
0.195,0,37397,70776,0,"NaN",0.34571473473047803,0.0,0.34571473473047803
0.196,0,37484,70689,0,"NaN",0.34651900196906804,0.0,0.34651900196906804
0.197,0,37595,70578,0,"NaN",0.34754513603209675,0.0,0.34754513603209675
0.198,0,37683,70490,0,"NaN",0.34835864772170505,0.0,0.34835864772170505
0.199,0,37763,70410,0,"NaN",0.34909820380316714,0.0,0.34909820380316714
0.2,0,37866,70307,0,"NaN",0.35005038225804963,0.0,0.35005038225804963
0.201,0,37957,70216,0,"NaN",0.35089162730071277,0.0,0.35089162730071277
0.202,0,38045,70128,0,"NaN",0.3517051389903211,0.0,0.3517051389903211
0.203,0,38165,70008,0,"NaN",0.35281447311251424,0.0,0.35281447311251424
0.20400000000000001,0,38272,69901,0,"NaN",0.35380362937146975,0.0,0.35380362937146975
0.20500000000000002,0,38379,69794,0,"NaN",0.3547927856304253,0.0,0.3547927856304253
0.20600000000000002,0,38474,69699,0,"NaN",0.3556710084771616,0.0,0.3556710084771616
0.20700000000000002,0,38568,69605,0,"NaN",0.3565399868728796,0.0,0.3565399868728796
0.20800000000000002,0,38693,69480,0,"NaN",0.3576955432501641,0.0,0.3576955432501641
0.209,0,38798,69375,0,"NaN",0.3586662106070831,0.0,0.3586662106070831
0.21,0,38890,69283,0,"NaN",0.35951670010076453,0.0,0.35951670010076453
0.211,0,38959,69214,0,"NaN",0.36015456722102557,0.0,0.36015456722102557
0.212,0,39021,69152,0,"NaN",0.3607277231841587,0.0,0.3607277231841587
0.213,0,39079,69094,0,"NaN",0.36126390134321873,0.0,0.36126390134321873
0.214,0,39153,69020,0,"NaN",0.3619479907185712,0.0,0.3619479907185712
0.215,0,39214,68959,0,"NaN",0.362511902230686,0.0,0.362511902230686
0.216,0,39291,68882,0,"NaN",0.36322372495909333,0.0,0.36322372495909333
0.217,0,39381,68792,0,"NaN",0.3640557255507382,0.0,0.3640557255507382
0.218,0,39486,68687,0,"NaN",0.3650263929076572,0.0,0.3650263929076572
0.219,0,39555,68618,0,"NaN",0.36566426002791824,0.0,0.36566426002791824
0.22,0,39630,68543,0,"NaN",0.36635759385428895,0.0,0.36635759385428895
0.221,0,39715,68458,0,"NaN",0.3671433721908424,0.0,0.3671433721908424
0.222,0,39780,68393,0,"NaN",0.3677442615070304,0.0,0.3677442615070304
0.223,0,39868,68305,0,"NaN",0.36855777319663874,0.0,0.36855777319663874
0.224,0,39957,68216,0,"NaN",0.3693805293372653,0.0,0.3693805293372653
0.225,0,40040,68133,0,"NaN",0.3701478187717822,0.0,0.3701478187717822
0.226,0,40123,68050,0,"NaN",0.3709151082062992,0.0,0.3709151082062992
0.227,0,40182,67991,0,"NaN",0.3714605308163775,0.0,0.3714605308163775
0.228,0,40242,67931,0,"NaN",0.37201519787747406,0.0,0.37201519787747406
0.229,0,40311,67862,0,"NaN",0.3726530649977351,0.0,0.3726530649977351
0.23,0,40376,67797,0,"NaN",0.37325395431392305,0.0,0.37325395431392305
0.231,0,40428,67745,0,"NaN",0.3737346657668734,0.0,0.3737346657668734
0.232,0,40493,67680,0,"NaN",0.3743355550830614,0.0,0.3743355550830614
0.233,0,40568,67605,0,"NaN",0.3750288889094321,0.0,0.3750288889094321
0.234,0,40636,67537,0,"NaN",0.3756575115786749,0.0,0.3756575115786749
0.23500000000000001,0,40698,67475,0,"NaN",0.376230667541808,0.0,0.376230667541808
0.23600000000000002,0,40762,67411,0,"NaN",0.3768223124069777,0.0,0.3768223124069777
0.23700000000000002,0,40822,67351,0,"NaN",0.3773769794680743,0.0,0.3773769794680743
0.23800000000000002,0,40888,67285,0,"NaN",0.3779871132352805,0.0,0.3779871132352805
0.23900000000000002,0,40943,67230,0,"NaN",0.3784955580412857,0.0,0.3784955580412857
0.24,0,41030,67143,0,"NaN",0.37929982527987577,0.0,0.37929982527987577
0.241,0,41108,67065,0,"NaN",0.3800208924593013,0.0,0.3800208924593013
0.242,0,41169,67004,0,"NaN",0.38058480397141614,0.0,0.38058480397141614
0.243,0,41253,66920,0,"NaN",0.38136133785695137,0.0,0.38136133785695137
0.244,0,41324,66849,0,"NaN",0.382017693879249,0.0,0.382017693879249
0.245,0,41385,66788,0,"NaN",0.3825816053913638,0.0,0.3825816053913638
0.246,0,41450,66723,0,"NaN",0.3831824947075518,0.0,0.3831824947075518
0.247,0,41520,66653,0,"NaN",0.3838296062788311,0.0,0.3838296062788311
0.248,0,41578,66595,0,"NaN",0.38436578443789116,0.0,0.38436578443789116
0.249,0,41631,66542,0,"NaN",0.3848557403418598,0.0,0.3848557403418598
0.25,0,41683,66490,0,"NaN",0.3853364517948102,0.0,0.3853364517948102
0.251,0,41723,66450,0,"NaN",0.3857062298355412,0.0,0.3857062298355412
0.252,0,41782,66391,0,"NaN",0.38625165244561954,0.0,0.38625165244561954
0.253,0,41843,66330,0,"NaN",0.38681556395773437,0.0,0.38681556395773437
0.254,0,41907,66266,0,"NaN",0.387407208822904,0.0,0.387407208822904
0.255,0,41968,66205,0,"NaN",0.3879711203350189,0.0,0.3879711203350189
0.256,0,42024,66149,0,"NaN",0.38848880959204235,0.0,0.38848880959204235
0.257,0,42079,66094,0,"NaN",0.38899725439804755,0.0,0.38899725439804755
0.258,0,42130,66043,0,"NaN",0.3894687213999797,0.0,0.3894687213999797
0.259,0,42200,65973,0,"NaN",0.390115832971259,0.0,0.390115832971259
0.26,0,42244,65929,0,"NaN",0.39052258881606317,0.0,0.39052258881606317
0.261,0,42299,65874,0,"NaN",0.39103103362206837,0.0,0.39103103362206837
0.262,0,42365,65808,0,"NaN",0.39164116738927457,0.0,0.39164116738927457
0.263,0,42405,65768,0,"NaN",0.39201094543000564,0.0,0.39201094543000564
0.264,0,42436,65737,0,"NaN",0.3922975234115722,0.0,0.3922975234115722
0.265,0,42508,65665,0,"NaN",0.3929631238848881,0.0,0.3929631238848881
0.266,0,42582,65591,0,"NaN",0.39364721326024055,0.0,0.39364721326024055
0.267,0,42626,65547,0,"NaN",0.3940539691050447,0.0,0.3940539691050447
0.268,0,42668,65505,0,"NaN",0.3944422360478123,0.0,0.3944422360478123
0.269,0,42737,65436,0,"NaN",0.39508010316807335,0.0,0.39508010316807335
0.27,0,42779,65394,0,"NaN",0.39546837011084096,0.0,0.39546837011084096
0.271,0,42814,65359,0,"NaN",0.39579192589648066,0.0,0.39579192589648066
0.272,0,42878,65295,0,"NaN",0.3963835707616503,0.0,0.3963835707616503
0.273,0,42924,65249,0,"NaN",0.396808815508491,0.0,0.396808815508491
0.274,0,42966,65207,0,"NaN",0.3971970824512586,0.0,0.3971970824512586
0.275,0,43022,65151,0,"NaN",0.3977147717082821,0.0,0.3977147717082821
0.276,0,43088,65085,0,"NaN",0.3983249054754883,0.0,0.3983249054754883
0.277,0,43154,65019,0,"NaN",0.3989350392426946,0.0,0.3989350392426946
0.278,0,43206,64967,0,"NaN",0.39941575069564494,0.0,0.39941575069564494
0.279,0,43279,64894,0,"NaN",0.4000905956199791,0.0,0.4000905956199791
0.28,0,43341,64832,0,"NaN",0.40066375158311224,0.0,0.40066375158311224
0.281,0,43410,64763,0,"NaN",0.4013016187033733,0.0,0.4013016187033733
0.28200000000000003,0,43471,64702,0,"NaN",0.40186553021548815,0.0,0.40186553021548815
0.28300000000000003,0,43520,64653,0,"NaN",0.4023185083153837,0.0,0.4023185083153837
0.28400000000000003,0,43567,64606,0,"NaN",0.40275299751324267,0.0,0.40275299751324267
0.28500000000000003,0,43614,64559,0,"NaN",0.40318748671110166,0.0,0.40318748671110166
0.28600000000000003,0,43661,64512,0,"NaN",0.40362197590896065,0.0,0.40362197590896065
0.28700000000000003,0,43710,64463,0,"NaN",0.4040749540088562,0.0,0.4040749540088562
0.28800000000000003,0,43779,64394,0,"NaN",0.4047128211291173,0.0,0.4047128211291173
0.289,0,43832,64341,0,"NaN",0.4052027770330859,0.0,0.4052027770330859
0.29,0,43881,64292,0,"NaN",0.4056557551329814,0.0,0.4056557551329814
0.291,0,43930,64243,0,"NaN",0.40610873323287694,0.0,0.40610873323287694
0.292,0,43999,64174,0,"NaN",0.40674660035313803,0.0,0.40674660035313803
0.293,0,44036,64137,0,"NaN",0.40708864504081427,0.0,0.40708864504081427
0.294,0,44080,64093,0,"NaN",0.4074954008856184,0.0,0.4074954008856184
0.295,0,44145,64028,0,"NaN",0.4080962902018064,0.0,0.4080962902018064
0.296,0,44206,63967,0,"NaN",0.4086602017139212,0.0,0.4086602017139212
0.297,0,44253,63920,0,"NaN",0.4090946909117802,0.0,0.4090946909117802
0.298,0,44311,63862,0,"NaN",0.40963086907084023,0.0,0.40963086907084023
0.299,0,44377,63796,0,"NaN",0.4102410028380465,0.0,0.4102410028380465
0.3,0,44443,63730,0,"NaN",0.4108511366052527,0.0,0.4108511366052527
0.301,0,44496,63677,0,"NaN",0.41134109250922135,0.0,0.41134109250922135
0.302,0,44561,63612,0,"NaN",0.4119419818254093,0.0,0.4119419818254093
0.303,0,44624,63549,0,"NaN",0.4125243822395607,0.0,0.4125243822395607
0.304,0,44694,63479,0,"NaN",0.41317149381084006,0.0,0.41317149381084006
0.305,0,44759,63414,0,"NaN",0.413772383127028,0.0,0.413772383127028
0.306,0,44829,63344,0,"NaN",0.41441949469830736,0.0,0.41441949469830736
0.307,0,44874,63299,0,"NaN",0.41483549499412975,0.0,0.41483549499412975
0.308,0,44921,63252,0,"NaN",0.41526998419198874,0.0,0.41526998419198874
0.309,0,44979,63194,0,"NaN",0.4158061623510488,0.0,0.4158061623510488
0.31,0,45043,63130,0,"NaN",0.41639780721621844,0.0,0.41639780721621844
0.311,0,45089,63084,0,"NaN",0.4168230519630592,0.0,0.4168230519630592
0.312,0,45147,63026,0,"NaN",0.4173592301221192,0.0,0.4173592301221192
0.313,0,45207,62966,0,"NaN",0.41791389718321575,0.0,0.41791389718321575
0.314,0,45273,62900,0,"NaN",0.418524030950422,0.0,0.418524030950422
0.315,0,45321,62852,0,"NaN",0.4189677645992993,0.0,0.4189677645992993
0.316,0,45380,62793,0,"NaN",0.4195131872093776,0.0,0.4195131872093776
0.317,0,45445,62728,0,"NaN",0.42011407652556554,0.0,0.42011407652556554
0.318,0,45505,62668,0,"NaN",0.4206687435866621,0.0,0.4206687435866621
0.319,0,45576,62597,0,"NaN",0.4213250996089597,0.0,0.4213250996089597
0.32,0,45636,62537,0,"NaN",0.4218797666700563,0.0,0.4218797666700563
0.321,0,45706,62467,0,"NaN",0.4225268782413356,0.0,0.4225268782413356
0.322,0,45768,62405,0,"NaN",0.4231000342044688,0.0,0.4231000342044688
0.323,0,45831,62342,0,"NaN",0.42368243461862015,0.0,0.42368243461862015
0.324,0,45896,62277,0,"NaN",0.4242833239348081,0.0,0.4242833239348081
0.325,0,45943,62230,0,"NaN",0.4247178131326671,0.0,0.4247178131326671
0.326,0,45998,62175,0,"NaN",0.4252262579386723,0.0,0.4252262579386723
0.327,0,46066,62107,0,"NaN",0.4258548806079151,0.0,0.4258548806079151
0.328,0,46126,62047,0,"NaN",0.4264095476690117,0.0,0.4264095476690117
0.329,0,46182,61991,0,"NaN",0.4269272369260351,0.0,0.4269272369260351
0.33,0,46230,61943,0,"NaN",0.4273709705749124,0.0,0.4273709705749124
0.331,0,46279,61894,0,"NaN",0.42782394867480794,0.0,0.42782394867480794
0.332,0,46326,61847,0,"NaN",0.42825843787266693,0.0,0.42825843787266693
0.333,0,46383,61790,0,"NaN",0.4287853715807087,0.0,0.4287853715807087
0.334,0,46442,61731,0,"NaN",0.42933079419078696,0.0,0.42933079419078696
0.335,0,46495,61678,0,"NaN",0.4298207500947556,0.0,0.4298207500947556
0.336,0,46562,61611,0,"NaN",0.4304401283129801,0.0,0.4304401283129801
0.337,0,46638,61535,0,"NaN",0.43114270659036913,0.0,0.43114270659036913
0.338,0,46676,61497,0,"NaN",0.4314939957290636,0.0,0.4314939957290636
0.339,0,46731,61442,0,"NaN",0.4320024405350688,0.0,0.4320024405350688
0.34,0,46799,61374,0,"NaN",0.4326310632043116,0.0,0.4326310632043116
0.341,0,46860,61313,0,"NaN",0.4331949747164265,0.0,0.4331949747164265
0.342,0,46913,61260,0,"NaN",0.4336849306203951,0.0,0.4336849306203951
0.343,0,46973,61200,0,"NaN",0.4342395976814917,0.0,0.4342395976814917
0.34400000000000003,0,47046,61127,0,"NaN",0.43491444260582585,0.0,0.43491444260582585
0.34500000000000003,0,47107,61066,0,"NaN",0.4354783541179407,0.0,0.4354783541179407
0.34600000000000003,0,47186,60987,0,"NaN",0.4362086657483845,0.0,0.4362086657483845
0.34700000000000003,0,47238,60935,0,"NaN",0.4366893772013349,0.0,0.4366893772013349
0.34800000000000003,0,47335,60838,0,"NaN",0.4375860889501077,0.0,0.4375860889501077
0.34900000000000003,0,47413,60760,0,"NaN",0.43830715612953325,0.0,0.43830715612953325
0.35000000000000003,0,47489,60684,0,"NaN",0.43900973440692226,0.0,0.43900973440692226
0.35100000000000003,0,47583,60590,0,"NaN",0.43987871280264024,0.0,0.43987871280264024
0.352,0,47639,60534,0,"NaN",0.4403964020596637,0.0,0.4403964020596637
0.353,0,47716,60457,0,"NaN",0.44110822478807094,0.0,0.44110822478807094
0.354,0,47787,60386,0,"NaN",0.44176458081036857,0.0,0.44176458081036857
0.355,0,47845,60328,0,"NaN",0.4423007589694286,0.0,0.4423007589694286
0.356,0,47919,60254,0,"NaN",0.442984848344781,0.0,0.442984848344781
0.357,0,48001,60172,0,"NaN",0.4437428933282797,0.0,0.4437428933282797
0.358,0,48091,60082,0,"NaN",0.44457489391992455,0.0,0.44457489391992455
0.359,0,48171,60002,0,"NaN",0.44531445000138664,0.0,0.44531445000138664
0.36,0,48253,59920,0,"NaN",0.4460724949848853,0.0,0.4460724949848853
0.361,0,48325,59848,0,"NaN",0.4467380954582012,0.0,0.4467380954582012
0.362,0,48411,59762,0,"NaN",0.44753311824577297,0.0,0.44753311824577297
0.363,0,48487,59686,0,"NaN",0.448235696523162,0.0,0.448235696523162
0.364,0,48558,59615,0,"NaN",0.4488920525454596,0.0,0.4488920525454596
0.365,0,48639,59534,0,"NaN",0.44964085307793994,0.0,0.44964085307793994
0.366,0,48725,59448,0,"NaN",0.4504358758655117,0.0,0.4504358758655117
0.367,0,48814,59359,0,"NaN",0.4512586320061383,0.0,0.4512586320061383
0.368,0,48906,59267,0,"NaN",0.45210912149981974,0.0,0.45210912149981974
0.369,0,48972,59201,0,"NaN",0.45271925526702594,0.0,0.45271925526702594
0.37,0,49048,59125,0,"NaN",0.45342183354441495,0.0,0.45342183354441495
0.371,0,49125,59048,0,"NaN",0.45413365627282226,0.0,0.45413365627282226
0.372,0,49210,58963,0,"NaN",0.45491943460937573,0.0,0.45491943460937573
0.373,0,49304,58869,0,"NaN",0.4557884130050937,0.0,0.4557884130050937
0.374,0,49408,58765,0,"NaN",0.45674983591099444,0.0,0.45674983591099444
0.375,0,49482,58691,0,"NaN",0.45743392528634685,0.0,0.45743392528634685
0.376,0,49547,58626,0,"NaN",0.4580348146025348,0.0,0.4580348146025348
0.377,0,49629,58544,0,"NaN",0.4587928595860335,0.0,0.4587928595860335
0.378,0,49736,58437,0,"NaN",0.45978201584498907,0.0,0.45978201584498907
0.379,0,49832,58341,0,"NaN",0.4606694831427436,0.0,0.4606694831427436
0.38,0,49913,58260,0,"NaN",0.461418283675224,0.0,0.461418283675224
0.381,0,50001,58172,0,"NaN",0.4622317953648323,0.0,0.4622317953648323
0.382,0,50096,58077,0,"NaN",0.4631100182115685,0.0,0.4631100182115685
0.383,0,50192,57981,0,"NaN",0.463997485509323,0.0,0.463997485509323
0.384,0,50285,57888,0,"NaN",0.4648572194540227,0.0,0.4648572194540227
0.385,0,50372,57801,0,"NaN",0.46566148669261276,0.0,0.46566148669261276
0.386,0,50487,57686,0,"NaN",0.46672459855971454,0.0,0.46672459855971454
0.387,0,50579,57594,0,"NaN",0.4675750880533959,0.0,0.4675750880533959
0.388,0,50693,57480,0,"NaN",0.46862895546947947,0.0,0.46862895546947947
0.389,0,50782,57391,0,"NaN",0.469451711610106,0.0,0.469451711610106
0.39,0,50881,57292,0,"NaN",0.47036691226091537,0.0,0.47036691226091537
0.391,0,50979,57194,0,"NaN",0.4712728684607065,0.0,0.4712728684607065
0.392,0,51058,57115,0,"NaN",0.4720031800911503,0.0,0.4720031800911503
0.393,0,51190,56983,0,"NaN",0.47322344762556273,0.0,0.47322344762556273
0.394,0,51285,56888,0,"NaN",0.474101670472299,0.0,0.474101670472299
0.395,0,51408,56765,0,"NaN",0.475238737947547,0.0,0.475238737947547
0.396,0,51490,56683,0,"NaN",0.47599678293104564,0.0,0.47599678293104564
0.397,0,51586,56587,0,"NaN",0.47688425022880016,0.0,0.47688425022880016
0.398,0,51661,56512,0,"NaN",0.47757758405517087,0.0,0.47757758405517087
0.399,0,51755,56418,0,"NaN",0.47844656245088885,0.0,0.47844656245088885
0.4,0,51838,56335,0,"NaN",0.4792138518854058,0.0,0.4792138518854058
0.401,0,51941,56232,0,"NaN",0.48016603034028826,0.0,0.48016603034028826
0.402,0,52020,56153,0,"NaN",0.48089634197073206,0.0,0.48089634197073206
0.403,0,52126,56047,0,"NaN",0.48187625377866933,0.0,0.48187625377866933
0.404,0,52214,55959,0,"NaN",0.4826897654682777,0.0,0.4826897654682777
0.405,0,52311,55862,0,"NaN",0.48358647721705045,0.0,0.48358647721705045
0.406,0,52394,55779,0,"NaN",0.4843537666515674,0.0,0.4843537666515674
0.40700000000000003,0,52482,55691,0,"NaN",0.48516727834117573,0.0,0.48516727834117573
0.40800000000000003,0,52556,55617,0,"NaN",0.48585136771652815,0.0,0.48585136771652815
0.40900000000000003,0,52672,55501,0,"NaN",0.4869237240346482,0.0,0.4869237240346482
0.41000000000000003,0,52808,55365,0,"NaN",0.48818096937313377,0.0,0.48818096937313377
0.41100000000000003,0,52929,55244,0,"NaN",0.4892995479463452,0.0,0.4892995479463452
0.41200000000000003,0,53058,55115,0,"NaN",0.49049208212770284,0.0,0.49049208212770284
0.41300000000000003,0,53161,55012,0,"NaN",0.4914442605825853,0.0,0.4914442605825853
0.41400000000000003,0,53258,54915,0,"NaN",0.4923409723313581,0.0,0.4923409723313581
0.41500000000000004,0,53347,54826,0,"NaN",0.4931637284719847,0.0,0.4931637284719847
0.41600000000000004,0,53438,54735,0,"NaN",0.49400497351464784,0.0,0.49400497351464784
0.417,0,53565,54608,0,"NaN",0.4951790187939689,0.0,0.4951790187939689
0.418,0,53688,54485,0,"NaN",0.4963160862692169,0.0,0.4963160862692169
0.419,0,53812,54361,0,"NaN",0.49746239819548316,0.0,0.49746239819548316
0.42,0,53931,54242,0,"NaN",0.498562487866658,0.0,0.498562487866658
0.421,0,54025,54148,0,"NaN",0.499431466262376,0.0,0.499431466262376
0.422,0,54153,54020,0,"NaN",0.5006147559927153,0.0,0.5006147559927153
0.423,0,54243,53930,0,"NaN",0.5014467565843602,0.0,0.5014467565843602
0.424,0,54360,53813,0,"NaN",0.5025283573534985,0.0,0.5025283573534985
0.425,0,54454,53719,0,"NaN",0.5033973357492165,0.0,0.5033973357492165
0.426,0,54560,53613,0,"NaN",0.5043772475571539,0.0,0.5043772475571539
0.427,0,54658,53515,0,"NaN",0.5052832037569449,0.0,0.5052832037569449
0.428,0,54790,53383,0,"NaN",0.5065034712913573,0.0,0.5065034712913573
0.429,0,54893,53280,0,"NaN",0.5074556497462398,0.0,0.5074556497462398
0.43,0,54979,53194,0,"NaN",0.5082506725338116,0.0,0.5082506725338116
0.431,0,55086,53087,0,"NaN",0.5092398287927672,0.0,0.5092398287927672
0.432,0,55214,52959,0,"NaN",0.5104231185231065,0.0,0.5104231185231065
0.433,0,55313,52860,0,"NaN",0.5113383191739158,0.0,0.5113383191739158
0.434,0,55433,52740,0,"NaN",0.512447653296109,0.0,0.512447653296109
0.435,0,55534,52639,0,"NaN",0.5133813428489549,0.0,0.5133813428489549
0.436,0,55629,52544,0,"NaN",0.5142595656956912,0.0,0.5142595656956912
0.437,0,55750,52423,0,"NaN",0.5153781442689026,0.0,0.5153781442689026
0.438,0,55833,52340,0,"NaN",0.5161454337034195,0.0,0.5161454337034195
0.439,0,55949,52224,0,"NaN",0.5172177900215396,0.0,0.5172177900215396
0.44,0,56065,52108,0,"NaN",0.5182901463396596,0.0,0.5182901463396596
0.441,0,56160,52013,0,"NaN",0.5191683691863959,0.0,0.5191683691863959
0.442,0,56290,51883,0,"NaN",0.5203701478187718,0.0,0.5203701478187718
0.443,0,56386,51787,0,"NaN",0.5212576151165264,0.0,0.5212576151165264
0.444,0,56493,51680,0,"NaN",0.5222467713754819,0.0,0.5222467713754819
0.445,0,56581,51592,0,"NaN",0.5230602830650902,0.0,0.5230602830650902
0.446,0,56669,51504,0,"NaN",0.5238737947546985,0.0,0.5238737947546985
0.447,0,56755,51418,0,"NaN",0.5246688175422702,0.0,0.5246688175422702
0.448,0,56860,51313,0,"NaN",0.5256394848991892,0.0,0.5256394848991892
0.449,0,56989,51184,0,"NaN",0.5268320190805469,0.0,0.5268320190805469
0.45,0,57073,51100,0,"NaN",0.5276085529660821,0.0,0.5276085529660821
0.451,0,57159,51014,0,"NaN",0.5284035757536538,0.0,0.5284035757536538
0.452,0,57250,50923,0,"NaN",0.529244820796317,0.0,0.529244820796317
0.453,0,57361,50812,0,"NaN",0.5302709548593457,0.0,0.5302709548593457
0.454,0,57454,50719,0,"NaN",0.5311306888040453,0.0,0.5311306888040453
0.455,0,57552,50621,0,"NaN",0.5320366450038364,0.0,0.5320366450038364
0.456,0,57642,50531,0,"NaN",0.5328686455954813,0.0,0.5328686455954813
0.457,0,57756,50417,0,"NaN",0.5339225130115648,0.0,0.5339225130115648
0.458,0,57877,50296,0,"NaN",0.5350410915847762,0.0,0.5350410915847762
0.459,0,57957,50216,0,"NaN",0.5357806476662383,0.0,0.5357806476662383
0.46,0,58049,50124,0,"NaN",0.5366311371599197,0.0,0.5366311371599197
0.461,0,58168,50005,0,"NaN",0.5377312268310946,0.0,0.5377312268310946
0.462,0,58266,49907,0,"NaN",0.5386371830308857,0.0,0.5386371830308857
0.463,0,58376,49797,0,"NaN",0.5396540726428961,0.0,0.5396540726428961
0.464,0,58467,49706,0,"NaN",0.5404953176855593,0.0,0.5404953176855593
0.465,0,58592,49581,0,"NaN",0.5416508740628437,0.0,0.5416508740628437
0.466,0,58692,49481,0,"NaN",0.5425753191646714,0.0,0.5425753191646714
0.467,0,58767,49406,0,"NaN",0.5432686529910421,0.0,0.5432686529910421
0.468,0,58865,49308,0,"NaN",0.5441746091908332,0.0,0.5441746091908332
0.46900000000000003,0,58962,49211,0,"NaN",0.545071320939606,0.0,0.545071320939606
0.47000000000000003,0,59084,49089,0,"NaN",0.5461991439638357,0.0,0.5461991439638357
0.47100000000000003,0,59209,48964,0,"NaN",0.5473547003411202,0.0,0.5473547003411202
0.47200000000000003,0,59325,48848,0,"NaN",0.5484270566592403,0.0,0.5484270566592403
0.47300000000000003,0,59412,48761,0,"NaN",0.5492313238978304,0.0,0.5492313238978304
0.47400000000000003,0,59516,48657,0,"NaN",0.5501927468037311,0.0,0.5501927468037311
0.47500000000000003,0,59620,48553,0,"NaN",0.5511541697096318,0.0,0.5511541697096318
0.47600000000000003,0,59724,48449,0,"NaN",0.5521155926155326,0.0,0.5521155926155326
0.47700000000000004,0,59822,48351,0,"NaN",0.5530215488153236,0.0,0.5530215488153236
0.47800000000000004,0,59938,48235,0,"NaN",0.5540939051334437,0.0,0.5540939051334437
0.47900000000000004,0,60070,48103,0,"NaN",0.5553141726678561,0.0,0.5553141726678561
0.48,0,60173,48000,0,"NaN",0.5562663511227386,0.0,0.5562663511227386
0.481,0,60277,47896,0,"NaN",0.5572277740286393,0.0,0.5572277740286393
0.482,0,60402,47771,0,"NaN",0.5583833304059238,0.0,0.5583833304059238
0.483,0,60494,47679,0,"NaN",0.5592338198996053,0.0,0.5592338198996053
0.484,0,60616,47557,0,"NaN",0.560361642923835,0.0,0.560361642923835
0.485,0,60736,47437,0,"NaN",0.5614709770460281,0.0,0.5614709770460281
0.486,0,60842,47331,0,"NaN",0.5624508888539654,0.0,0.5624508888539654
0.487,0,60975,47198,0,"NaN",0.5636804008393962,0.0,0.5636804008393962
0.488,0,61098,47075,0,"NaN",0.5648174683146442,0.0,0.5648174683146442
0.489,0,61227,46946,0,"NaN",0.5660100024960018,0.0,0.5660100024960018
0.49,0,61324,46849,0,"NaN",0.5669067142447746,0.0,0.5669067142447746
0.491,0,61423,46750,0,"NaN",0.567821914895584,0.0,0.567821914895584
0.492,0,61561,46612,0,"NaN",0.569097649136106,0.0,0.569097649136106
0.493,0,61680,46493,0,"NaN",0.570197738807281,0.0,0.570197738807281
0.494,0,61829,46344,0,"NaN",0.571575162009004,0.0,0.571575162009004
0.495,0,61960,46213,0,"NaN",0.5727861850923983,0.0,0.5727861850923983
0.496,0,62101,46072,0,"NaN",0.5740896526859752,0.0,0.5740896526859752
0.497,0,62211,45962,0,"NaN",0.5751065422979856,0.0,0.5751065422979856
0.498,0,62322,45851,0,"NaN",0.5761326763610143,0.0,0.5761326763610143
0.499,0,62444,45729,0,"NaN",0.577260499385244,0.0,0.577260499385244
0.5,0,62556,45617,0,"NaN",0.5782958778992909,0.0,0.5782958778992909
0.501,0,62677,45496,0,"NaN",0.5794144564725023,0.0,0.5794144564725023
0.502,0,62823,45350,0,"NaN",0.5807641463211707,0.0,0.5807641463211707
0.503,0,62939,45234,0,"NaN",0.5818365026392908,0.0,0.5818365026392908
0.504,0,63081,45092,0,"NaN",0.583149214683886,0.0,0.583149214683886
0.505,0,63195,44978,0,"NaN",0.5842030820999695,0.0,0.5842030820999695
0.506,0,63324,44849,0,"NaN",0.5853956162813271,0.0,0.5853956162813271
0.507,0,63460,44713,0,"NaN",0.5866528616198127,0.0,0.5866528616198127
0.508,0,63568,44605,0,"NaN",0.5876512623297866,0.0,0.5876512623297866
0.509,0,63706,44467,0,"NaN",0.5889269965703087,0.0,0.5889269965703087
0.51,0,63840,44333,0,"NaN",0.5901657530067577,0.0,0.5901657530067577
0.511,0,63978,44195,0,"NaN",0.5914414872472799,0.0,0.5914414872472799
0.512,0,64109,44064,0,"NaN",0.592652510330674,0.0,0.592652510330674
0.513,0,64227,43946,0,"NaN",0.5937433555508306,0.0,0.5937433555508306
0.514,0,64369,43804,0,"NaN",0.5950560675954258,0.0,0.5950560675954258
0.515,0,64494,43679,0,"NaN",0.5962116239727104,0.0,0.5962116239727104
0.516,0,64625,43548,0,"NaN",0.5974226470561046,0.0,0.5974226470561046
0.517,0,64727,43446,0,"NaN",0.5983655810599687,0.0,0.5983655810599687
0.518,0,64866,43307,0,"NaN",0.5996505597515092,0.0,0.5996505597515092
0.519,0,64999,43174,0,"NaN",0.6008800717369399,0.0,0.6008800717369399
0.52,0,65124,43049,0,"NaN",0.6020356281142244,0.0,0.6020356281142244
0.521,0,65254,42919,0,"NaN",0.6032374067466003,0.0,0.6032374067466003
0.522,0,65364,42809,0,"NaN",0.6042542963586107,0.0,0.6042542963586107
0.523,0,65463,42710,0,"NaN",0.6051694970094201,0.0,0.6051694970094201
0.524,0,65573,42600,0,"NaN",0.6061863866214305,0.0,0.6061863866214305
0.525,0,65677,42496,0,"NaN",0.6071478095273313,0.0,0.6071478095273313
0.526,0,65779,42394,0,"NaN",0.6080907435311954,0.0,0.6080907435311954
0.527,0,65907,42266,0,"NaN",0.6092740332615347,0.0,0.6092740332615347
0.528,0,66015,42158,0,"NaN",0.6102724339715087,0.0,0.6102724339715087
0.529,0,66107,42066,0,"NaN",0.61112292346519,0.0,0.61112292346519
0.53,0,66204,41969,0,"NaN",0.6120196352139629,0.0,0.6120196352139629
0.531,0,66304,41869,0,"NaN",0.6129440803157904,0.0,0.6129440803157904
0.532,0,66408,41765,0,"NaN",0.6139055032216911,0.0,0.6139055032216911
0.533,0,66511,41662,0,"NaN",0.6148576816765736,0.0,0.6148576816765736
0.534,0,66608,41565,0,"NaN",0.6157543934253464,0.0,0.6157543934253464
0.535,0,66690,41483,0,"NaN",0.6165124384088451,0.0,0.6165124384088451
0.536,0,66813,41360,0,"NaN",0.6176495058840931,0.0,0.6176495058840931
0.537,0,66902,41271,0,"NaN",0.6184722620247196,0.0,0.6184722620247196
0.538,0,67009,41164,0,"NaN",0.6194614182836752,0.0,0.6194614182836752
0.539,0,67147,41026,0,"NaN",0.6207371525241974,0.0,0.6207371525241974
0.54,0,67261,40912,0,"NaN",0.6217910199402809,0.0,0.6217910199402809
0.541,0,67368,40805,0,"NaN",0.6227801761992364,0.0,0.6227801761992364
0.542,0,67484,40689,0,"NaN",0.6238525325173565,0.0,0.6238525325173565
0.543,0,67586,40587,0,"NaN",0.6247954665212206,0.0,0.6247954665212206
0.544,0,67677,40496,0,"NaN",0.6256367115638838,0.0,0.6256367115638838
0.545,0,67763,40410,0,"NaN",0.6264317343514555,0.0,0.6264317343514555
0.546,0,67848,40325,0,"NaN",0.6272175126880091,0.0,0.6272175126880091
0.547,0,67974,40199,0,"NaN",0.6283823135163118,0.0,0.6283823135163118
0.548,0,68081,40092,0,"NaN",0.6293714697752674,0.0,0.6293714697752674
0.549,0,68214,39959,0,"NaN",0.6306009817606981,0.0,0.6306009817606981
0.55,0,68318,39855,0,"NaN",0.6315624046665989,0.0,0.6315624046665989
0.551,0,68405,39768,0,"NaN",0.6323666719051889,0.0,0.6323666719051889
0.552,0,68505,39668,0,"NaN",0.6332911170070166,0.0,0.6332911170070166
0.553,0,68576,39597,0,"NaN",0.6339474730293142,0.0,0.6339474730293142
0.554,0,68674,39499,0,"NaN",0.6348534292291053,0.0,0.6348534292291053
0.555,0,68780,39393,0,"NaN",0.6358333410370425,0.0,0.6358333410370425
0.556,0,68875,39298,0,"NaN",0.6367115638837788,0.0,0.6367115638837788
0.557,0,68969,39204,0,"NaN",0.6375805422794968,0.0,0.6375805422794968
0.558,0,69100,39073,0,"NaN",0.638791565362891,0.0,0.638791565362891
0.559,0,69184,38989,0,"NaN",0.6395680992484262,0.0,0.6395680992484262
0.56,0,69310,38863,0,"NaN",0.6407329000767289,0.0,0.6407329000767289
0.561,0,69387,38786,0,"NaN",0.6414447228051362,0.0,0.6414447228051362
0.562,0,69506,38667,0,"NaN",0.6425448124763111,0.0,0.6425448124763111
0.5630000000000001,0,69606,38567,0,"NaN",0.6434692575781388,0.0,0.6434692575781388
0.5640000000000001,0,69692,38481,0,"NaN",0.6442642803657105,0.0,0.6442642803657105
0.5650000000000001,0,69763,38410,0,"NaN",0.6449206363880081,0.0,0.6449206363880081
0.5660000000000001,0,69878,38295,0,"NaN",0.6459837482551098,0.0,0.6459837482551098
0.5670000000000001,0,69981,38192,0,"NaN",0.6469359267099923,0.0,0.6469359267099923
0.5680000000000001,0,70055,38118,0,"NaN",0.6476200160853448,0.0,0.6476200160853448
0.5690000000000001,0,70165,38008,0,"NaN",0.6486369056973552,0.0,0.6486369056973552
0.5700000000000001,0,70244,37929,0,"NaN",0.649367217327799,0.0,0.649367217327799
0.5710000000000001,0,70329,37844,0,"NaN",0.6501529956643525,0.0,0.6501529956643525
0.5720000000000001,0,70417,37756,0,"NaN",0.6509665073539608,0.0,0.6509665073539608
0.5730000000000001,0,70528,37645,0,"NaN",0.6519926414169894,0.0,0.6519926414169894
0.5740000000000001,0,70620,37553,0,"NaN",0.6528431309106709,0.0,0.6528431309106709
0.5750000000000001,0,70700,37473,0,"NaN",0.653582686992133,0.0,0.653582686992133
0.5760000000000001,0,70790,37383,0,"NaN",0.6544146875837779,0.0,0.6544146875837779
0.577,0,70865,37308,0,"NaN",0.6551080214101486,0.0,0.6551080214101486
0.578,0,70925,37248,0,"NaN",0.6556626884712451,0.0,0.6556626884712451
0.579,0,70985,37188,0,"NaN",0.6562173555323417,0.0,0.6562173555323417
0.58,0,71043,37130,0,"NaN",0.6567535336914018,0.0,0.6567535336914018
0.581,0,71102,37071,0,"NaN",0.65729895630148,0.0,0.65729895630148
0.582,0,71188,36985,0,"NaN",0.6580939790890518,0.0,0.6580939790890518
0.583,0,71276,36897,0,"NaN",0.6589074907786601,0.0,0.6589074907786601
0.584,0,71336,36837,0,"NaN",0.6594621578397567,0.0,0.6594621578397567
0.585,0,71407,36766,0,"NaN",0.6601185138620543,0.0,0.6601185138620543
0.586,0,71486,36687,0,"NaN",0.6608488254924981,0.0,0.6608488254924981
0.587,0,71570,36603,0,"NaN",0.6616253593780334,0.0,0.6616253593780334
0.588,0,71664,36509,0,"NaN",0.6624943377737513,0.0,0.6624943377737513
0.589,0,71727,36446,0,"NaN",0.6630767381879027,0.0,0.6630767381879027
0.59,0,71790,36383,0,"NaN",0.6636591386020542,0.0,0.6636591386020542
0.591,0,71848,36325,0,"NaN",0.6641953167611141,0.0,0.6641953167611141
0.592,0,71926,36247,0,"NaN",0.6649163839405396,0.0,0.6649163839405396
0.593,0,71982,36191,0,"NaN",0.6654340731975632,0.0,0.6654340731975632
0.594,0,72066,36107,0,"NaN",0.6662106070830983,0.0,0.6662106070830983
0.595,0,72142,36031,0,"NaN",0.6669131853604874,0.0,0.6669131853604874
0.596,0,72215,35958,0,"NaN",0.6675880302848215,0.0,0.6675880302848215
0.597,0,72294,35879,0,"NaN",0.6683183419152654,0.0,0.6683183419152654
0.598,0,72354,35819,0,"NaN",0.6688730089763619,0.0,0.6688730089763619
0.599,0,72429,35744,0,"NaN",0.6695663428027326,0.0,0.6695663428027326
0.6,0,72509,35664,0,"NaN",0.6703058988841948,0.0,0.6703058988841948
0.601,0,72555,35618,0,"NaN",0.6707311436310355,0.0,0.6707311436310355
0.602,0,72631,35542,0,"NaN",0.6714337219084244,0.0,0.6714337219084244
0.603,0,72707,35466,0,"NaN",0.6721363001858135,0.0,0.6721363001858135
0.604,0,72779,35394,0,"NaN",0.6728019006591294,0.0,0.6728019006591294
0.605,0,72843,35330,0,"NaN",0.6733935455242991,0.0,0.6733935455242991
0.606,0,72920,35253,0,"NaN",0.6741053682527063,0.0,0.6741053682527063
0.607,0,72983,35190,0,"NaN",0.6746877686668578,0.0,0.6746877686668578
0.608,0,73034,35139,0,"NaN",0.6751592356687898,0.0,0.6751592356687898
0.609,0,73109,35064,0,"NaN",0.6758525694951605,0.0,0.6758525694951605
0.61,0,73183,34990,0,"NaN",0.676536658870513,0.0,0.676536658870513
0.611,0,73274,34899,0,"NaN",0.6773779039131761,0.0,0.6773779039131761
0.612,0,73332,34841,0,"NaN",0.6779140820722361,0.0,0.6779140820722361
0.613,0,73414,34759,0,"NaN",0.6786721270557348,0.0,0.6786721270557348
0.614,0,73496,34677,0,"NaN",0.6794301720392335,0.0,0.6794301720392335
0.615,0,73589,34584,0,"NaN",0.6802899059839331,0.0,0.6802899059839331
0.616,0,73658,34515,0,"NaN",0.6809277731041942,0.0,0.6809277731041942
0.617,0,73686,34487,0,"NaN",0.681186617732706,0.0,0.681186617732706
0.618,0,73730,34443,0,"NaN",0.6815933735775102,0.0,0.6815933735775102
0.619,0,73791,34382,0,"NaN",0.6821572850896249,0.0,0.6821572850896249
0.62,0,73858,34315,0,"NaN",0.6827766633078495,0.0,0.6827766633078495
0.621,0,73919,34254,0,"NaN",0.6833405748199644,0.0,0.6833405748199644
0.622,0,73976,34197,0,"NaN",0.683867508528006,0.0,0.683867508528006
0.623,0,74049,34124,0,"NaN",0.6845423534523403,0.0,0.6845423534523403
0.624,0,74104,34069,0,"NaN",0.6850507982583455,0.0,0.6850507982583455
0.625,0,74176,33997,0,"NaN",0.6857163987316613,0.0,0.6857163987316613
0.626,0,74214,33959,0,"NaN",0.6860676878703558,0.0,0.6860676878703558
0.627,0,74264,33909,0,"NaN",0.6865299104212697,0.0,0.6865299104212697
0.628,0,74320,33853,0,"NaN",0.6870475996782931,0.0,0.6870475996782931
0.629,0,74370,33803,0,"NaN",0.6875098222292069,0.0,0.6875098222292069
0.63,0,74447,33726,0,"NaN",0.6882216449576142,0.0,0.6882216449576142
0.631,0,74487,33686,0,"NaN",0.6885914229983452,0.0,0.6885914229983452
0.632,0,74538,33635,0,"NaN",0.6890628900002773,0.0,0.6890628900002773
0.633,0,74575,33598,0,"NaN",0.6894049346879536,0.0,0.6894049346879536
0.634,0,74632,33541,0,"NaN",0.6899318683959953,0.0,0.6899318683959953
0.635,0,74686,33487,0,"NaN",0.6904310687509823,0.0,0.6904310687509823
0.636,0,74736,33437,0,"NaN",0.690893291301896,0.0,0.690893291301896
0.637,0,74791,33382,0,"NaN",0.6914017361079012,0.0,0.6914017361079012
0.638,0,74855,33318,0,"NaN",0.691993380973071,0.0,0.691993380973071
0.639,0,74921,33252,0,"NaN",0.6926035147402771,0.0,0.6926035147402771
0.64,0,74983,33190,0,"NaN",0.6931766707034103,0.0,0.6931766707034103
0.641,0,75018,33155,0,"NaN",0.69350022648905,0.0,0.69350022648905
0.642,0,75069,33104,0,"NaN",0.6939716934909821,0.0,0.6939716934909821
0.643,0,75115,33058,0,"NaN",0.6943969382378228,0.0,0.6943969382378228
0.644,0,75160,33013,0,"NaN",0.6948129385336452,0.0,0.6948129385336452
0.645,0,75213,32960,0,"NaN",0.6953028944376138,0.0,0.6953028944376138
0.646,0,75257,32916,0,"NaN",0.6957096502824179,0.0,0.6957096502824179
0.647,0,75298,32875,0,"NaN",0.6960886727741673,0.0,0.6960886727741673
0.648,0,75357,32816,0,"NaN",0.6966340953842456,0.0,0.6966340953842456
0.649,0,75410,32763,0,"NaN",0.6971240512882142,0.0,0.6971240512882142
0.65,0,75453,32720,0,"NaN",0.6975215626820002,0.0,0.6975215626820002
0.651,0,75522,32651,0,"NaN",0.6981594298022612,0.0,0.6981594298022612
0.652,0,75570,32603,0,"NaN",0.6986031634511385,0.0,0.6986031634511385
0.653,0,75617,32556,0,"NaN",0.6990376526489974,0.0,0.6990376526489974
0.654,0,75671,32502,0,"NaN",0.6995368530039844,0.0,0.6995368530039844
0.655,0,75726,32447,0,"NaN",0.7000452978099896,0.0,0.7000452978099896
0.656,0,75777,32396,0,"NaN",0.7005167648119216,0.0,0.7005167648119216
0.657,0,75836,32337,0,"NaN",0.701062187422,0.0,0.701062187422
0.658,0,75912,32261,0,"NaN",0.701764765699389,0.0,0.701764765699389
0.659,0,75967,32206,0,"NaN",0.7022732105053942,0.0,0.7022732105053942
0.66,0,76025,32148,0,"NaN",0.7028093886644542,0.0,0.7028093886644542
0.661,0,76089,32084,0,"NaN",0.7034010335296238,0.0,0.7034010335296238
0.662,0,76150,32023,0,"NaN",0.7039649450417387,0.0,0.7039649450417387
0.663,0,76193,31980,0,"NaN",0.7043624564355245,0.0,0.7043624564355245
0.664,0,76237,31936,0,"NaN",0.7047692122803287,0.0,0.7047692122803287
0.665,0,76274,31899,0,"NaN",0.7051112569680049,0.0,0.7051112569680049
0.666,0,76333,31840,0,"NaN",0.7056566795780832,0.0,0.7056566795780832
0.667,0,76400,31773,0,"NaN",0.7062760577963078,0.0,0.7062760577963078
0.668,0,76475,31698,0,"NaN",0.7069693916226785,0.0,0.7069693916226785
0.669,0,76551,31622,0,"NaN",0.7076719699000675,0.0,0.7076719699000675
0.67,0,76624,31549,0,"NaN",0.7083468148244016,0.0,0.7083468148244016
0.671,0,76685,31488,0,"NaN",0.7089107263365165,0.0,0.7089107263365165
0.672,0,76720,31453,0,"NaN",0.7092342821221562,0.0,0.7092342821221562
0.673,0,76770,31403,0,"NaN",0.70969650467307,0.0,0.70969650467307
0.674,0,76813,31360,0,"NaN",0.7100940160668558,0.0,0.7100940160668558
0.675,0,76867,31306,0,"NaN",0.7105932164218428,0.0,0.7105932164218428
0.676,0,76910,31263,0,"NaN",0.7109907278156287,0.0,0.7109907278156287
0.677,0,76977,31196,0,"NaN",0.7116101060338532,0.0,0.7116101060338532
0.678,0,77060,31113,0,"NaN",0.7123773954683701,0.0,0.7123773954683701
0.679,0,77096,31077,0,"NaN",0.712710195705028,0.0,0.712710195705028
0.68,0,77150,31023,0,"NaN",0.713209396060015,0.0,0.713209396060015
0.681,0,77192,30981,0,"NaN",0.7135976630027826,0.0,0.7135976630027826
0.682,0,77227,30946,0,"NaN",0.7139212187884223,0.0,0.7139212187884223
0.683,0,77273,30900,0,"NaN",0.714346463535263,0.0,0.714346463535263
0.684,0,77350,30823,0,"NaN",0.7150582862636702,0.0,0.7150582862636702
0.685,0,77387,30786,0,"NaN",0.7154003309513465,0.0,0.7154003309513465
0.686,0,77443,30730,0,"NaN",0.7159180202083699,0.0,0.7159180202083699
0.687,0,77494,30679,0,"NaN",0.716389487210302,0.0,0.716389487210302
0.6880000000000001,0,77573,30600,0,"NaN",0.7171197988407458,0.0,0.7171197988407458
0.6890000000000001,0,77616,30557,0,"NaN",0.7175173102345317,0.0,0.7175173102345317
0.6900000000000001,0,77685,30488,0,"NaN",0.7181551773547928,0.0,0.7181551773547928
0.6910000000000001,0,77738,30435,0,"NaN",0.7186451332587614,0.0,0.7186451332587614
0.6920000000000001,0,77800,30373,0,"NaN",0.7192182892218946,0.0,0.7192182892218946
0.6930000000000001,0,77858,30315,0,"NaN",0.7197544673809546,0.0,0.7197544673809546
0.6940000000000001,0,77916,30257,0,"NaN",0.7202906455400147,0.0,0.7202906455400147
0.6950000000000001,0,77957,30216,0,"NaN",0.7206696680317639,0.0,0.7206696680317639
0.6960000000000001,0,78031,30142,0,"NaN",0.7213537574071164,0.0,0.7213537574071164
0.6970000000000001,0,78111,30062,0,"NaN",0.7220933134885785,0.0,0.7220933134885785
0.6980000000000001,0,78162,30011,0,"NaN",0.7225647804905105,0.0,0.7225647804905105
0.6990000000000001,0,78222,29951,0,"NaN",0.7231194475516072,0.0,0.7231194475516072
0.7000000000000001,0,78316,29857,0,"NaN",0.7239884259473252,0.0,0.7239884259473252
0.7010000000000001,0,78379,29794,0,"NaN",0.7245708263614765,0.0,0.7245708263614765
0.7020000000000001,0,78430,29743,0,"NaN",0.7250422933634086,0.0,0.7250422933634086
0.7030000000000001,0,78473,29700,0,"NaN",0.7254398047571945,0.0,0.7254398047571945
0.704,0,78506,29667,0,"NaN",0.7257448716407976,0.0,0.7257448716407976
0.705,0,78543,29630,0,"NaN",0.7260869163284739,0.0,0.7260869163284739
0.706,0,78619,29554,0,"NaN",0.7267894946058628,0.0,0.7267894946058628
0.707,0,78671,29502,0,"NaN",0.7272702060588132,0.0,0.7272702060588132
0.708,0,78765,29408,0,"NaN",0.7281391844545312,0.0,0.7281391844545312
0.709,0,78817,29356,0,"NaN",0.7286198959074816,0.0,0.7286198959074816
0.71,0,78878,29295,0,"NaN",0.7291838074195964,0.0,0.7291838074195964
0.711,0,78922,29251,0,"NaN",0.7295905632644005,0.0,0.7295905632644005
0.712,0,78984,29189,0,"NaN",0.7301637192275336,0.0,0.7301637192275336
0.713,0,79026,29147,0,"NaN",0.7305519861703013,0.0,0.7305519861703013
0.714,0,79075,29098,0,"NaN",0.7310049642701968,0.0,0.7310049642701968
0.715,0,79150,29023,0,"NaN",0.7316982980965675,0.0,0.7316982980965675
0.716,0,79199,28974,0,"NaN",0.732151276196463,0.0,0.732151276196463
0.717,0,79239,28934,0,"NaN",0.7325210542371942,0.0,0.7325210542371942
0.718,0,79311,28862,0,"NaN",0.73318665471051,0.0,0.73318665471051
0.719,0,79354,28819,0,"NaN",0.7335841661042959,0.0,0.7335841661042959
0.72,0,79422,28751,0,"NaN",0.7342127887735387,0.0,0.7342127887735387
0.721,0,79467,28706,0,"NaN",0.7346287890693611,0.0,0.7346287890693611
0.722,0,79505,28668,0,"NaN",0.7349800782080557,0.0,0.7349800782080557
0.723,0,79561,28612,0,"NaN",0.7354977674650791,0.0,0.7354977674650791
0.724,0,79624,28549,0,"NaN",0.7360801678792305,0.0,0.7360801678792305
0.725,0,79706,28467,0,"NaN",0.7368382128627291,0.0,0.7368382128627291
0.726,0,79793,28380,0,"NaN",0.7376424801013192,0.0,0.7376424801013192
0.727,0,79830,28343,0,"NaN",0.7379845247889955,0.0,0.7379845247889955
0.728,0,79890,28283,0,"NaN",0.738539191850092,0.0,0.738539191850092
0.729,0,80030,28143,0,"NaN",0.7398334149926507,0.0,0.7398334149926507
0.73,0,80062,28111,0,"NaN",0.7401292374252355,0.0,0.7401292374252355
0.731,0,80121,28052,0,"NaN",0.7406746600353138,0.0,0.7406746600353138
0.732,0,80165,28008,0,"NaN",0.741081415880118,0.0,0.741081415880118
0.733,0,80206,27967,0,"NaN",0.7414604383718673,0.0,0.7414604383718673
0.734,0,80271,27902,0,"NaN",0.7420613276880552,0.0,0.7420613276880552
0.735,0,80350,27823,0,"NaN",0.7427916393184991,0.0,0.7427916393184991
0.736,0,80400,27773,0,"NaN",0.7432538618694129,0.0,0.7432538618694129
0.737,0,80445,27728,0,"NaN",0.7436698621652353,0.0,0.7436698621652353
0.738,0,80493,27680,0,"NaN",0.7441135958141126,0.0,0.7441135958141126
0.739,0,80563,27610,0,"NaN",0.7447607073853919,0.0,0.7447607073853919
0.74,0,80637,27536,0,"NaN",0.7454447967607444,0.0,0.7454447967607444
0.741,0,80675,27498,0,"NaN",0.7457960858994389,0.0,0.7457960858994389
0.742,0,80730,27443,0,"NaN",0.746304530705444,0.0,0.746304530705444
0.743,0,80789,27384,0,"NaN",0.7468499533155224,0.0,0.7468499533155224
0.744,0,80887,27286,0,"NaN",0.7477559095153135,0.0,0.7477559095153135
0.745,0,80966,27207,0,"NaN",0.7484862211457572,0.0,0.7484862211457572
0.746,0,81044,27129,0,"NaN",0.7492072883251828,0.0,0.7492072883251828
0.747,0,81082,27091,0,"NaN",0.7495585774638773,0.0,0.7495585774638773
0.748,0,81134,27039,0,"NaN",0.7500392889168277,0.0,0.7500392889168277
0.749,0,81176,26997,0,"NaN",0.7504275558595953,0.0,0.7504275558595953
0.75,0,81246,26927,0,"NaN",0.7510746674308746,0.0,0.7510746674308746
0.751,0,81304,26869,0,"NaN",0.7516108455899346,0.0,0.7516108455899346
0.752,0,81369,26804,0,"NaN",0.7522117349061226,0.0,0.7522117349061226
0.753,0,81451,26722,0,"NaN",0.7529697798896212,0.0,0.7529697798896212
0.754,0,81515,26658,0,"NaN",0.7535614247547909,0.0,0.7535614247547909
0.755,0,81577,26596,0,"NaN",0.754134580717924,0.0,0.754134580717924
0.756,0,81663,26510,0,"NaN",0.7549296035054959,0.0,0.7549296035054959
0.757,0,81693,26480,0,"NaN",0.7552069370360441,0.0,0.7552069370360441
0.758,0,81726,26447,0,"NaN",0.7555120039196472,0.0,0.7555120039196472
0.759,0,81799,26374,0,"NaN",0.7561868488439814,0.0,0.7561868488439814
0.76,0,81835,26338,0,"NaN",0.7565196490806394,0.0,0.7565196490806394
0.761,0,81882,26291,0,"NaN",0.7569541382784983,0.0,0.7569541382784983
0.762,0,81967,26206,0,"NaN",0.7577399166150518,0.0,0.7577399166150518
0.763,0,82042,26131,0,"NaN",0.7584332504414225,0.0,0.7584332504414225
0.764,0,82190,25983,0,"NaN",0.7598014291921275,0.0,0.7598014291921275
0.765,0,82258,25915,0,"NaN",0.7604300518613702,0.0,0.7604300518613702
0.766,0,82305,25868,0,"NaN",0.7608645410592292,0.0,0.7608645410592292
0.767,0,82322,25851,0,"NaN",0.7610216967265399,0.0,0.7610216967265399
0.768,0,82364,25809,0,"NaN",0.7614099636693075,0.0,0.7614099636693075
0.769,0,82408,25765,0,"NaN",0.7618167195141117,0.0,0.7618167195141117
0.77,0,82482,25691,0,"NaN",0.7625008088894641,0.0,0.7625008088894641
0.771,0,82515,25658,0,"NaN",0.7628058757730672,0.0,0.7628058757730672
0.772,0,82606,25567,0,"NaN",0.7636471208157304,0.0,0.7636471208157304
0.773,0,82756,25417,0,"NaN",0.7650337884684718,0.0,0.7650337884684718
0.774,0,82862,25311,0,"NaN",0.7660137002764091,0.0,0.7660137002764091
0.775,0,82919,25254,0,"NaN",0.7665406339844508,0.0,0.7665406339844508
0.776,0,82976,25197,0,"NaN",0.7670675676924926,0.0,0.7670675676924926
0.777,0,82996,25177,0,"NaN",0.7672524567128581,0.0,0.7672524567128581
0.778,0,83036,25137,0,"NaN",0.7676222347535891,0.0,0.7676222347535891
0.779,0,83087,25086,0,"NaN",0.7680937017555213,0.0,0.7680937017555213
0.78,0,83135,25038,0,"NaN",0.7685374354043986,0.0,0.7685374354043986
0.781,0,83206,24967,0,"NaN",0.7691937914266961,0.0,0.7691937914266961
0.782,0,83359,24814,0,"NaN",0.7706081924324923,0.0,0.7706081924324923
0.783,0,83474,24699,0,"NaN",0.7716713042995942,0.0,0.7716713042995942
0.784,0,83589,24584,0,"NaN",0.7727344161666959,0.0,0.7727344161666959
0.785,0,83677,24496,0,"NaN",0.7735479278563042,0.0,0.7735479278563042
0.786,0,83706,24467,0,"NaN",0.7738160169358342,0.0,0.7738160169358342
0.787,0,83727,24446,0,"NaN",0.7740101504072181,0.0,0.7740101504072181
0.788,0,83810,24363,0,"NaN",0.774777439841735,0.0,0.774777439841735
0.789,0,83840,24333,0,"NaN",0.7750547733722832,0.0,0.7750547733722832
0.79,0,83891,24282,0,"NaN",0.7755262403742154,0.0,0.7755262403742154
0.791,0,84022,24151,0,"NaN",0.7767372634576095,0.0,0.7767372634576095
0.792,0,84157,24016,0,"NaN",0.7779852643450769,0.0,0.7779852643450769
0.793,0,84235,23938,0,"NaN",0.7787063315245024,0.0,0.7787063315245024
0.794,0,84450,23723,0,"NaN",0.7806938884934318,0.0,0.7806938884934318
0.795,0,84479,23694,0,"NaN",0.7809619775729618,0.0,0.7809619775729618
0.796,0,84522,23651,0,"NaN",0.7813594889667477,0.0,0.7813594889667477
0.797,0,84558,23615,0,"NaN",0.7816922892034056,0.0,0.7816922892034056
0.798,0,84600,23573,0,"NaN",0.7820805561461732,0.0,0.7820805561461732
0.799,0,84658,23515,0,"NaN",0.7826167343052333,0.0,0.7826167343052333
0.8,0,84753,23420,0,"NaN",0.7834949571519695,0.0,0.7834949571519695
0.801,0,84891,23282,0,"NaN",0.7847706913924917,0.0,0.7847706913924917
0.802,0,85032,23141,0,"NaN",0.7860741589860686,0.0,0.7860741589860686
0.803,0,85120,23053,0,"NaN",0.7868876706756769,0.0,0.7868876706756769
0.804,0,85258,22915,0,"NaN",0.7881634049161991,0.0,0.7881634049161991
0.805,0,85272,22901,0,"NaN",0.7882928272304549,0.0,0.7882928272304549
0.806,0,85292,22881,0,"NaN",0.7884777162508204,0.0,0.7884777162508204
0.807,0,85322,22851,0,"NaN",0.7887550497813688,0.0,0.7887550497813688
0.808,0,85363,22810,0,"NaN",0.789134072273118,0.0,0.789134072273118
0.809,0,85391,22782,0,"NaN",0.7893929169016298,0.0,0.7893929169016298
0.81,0,85531,22642,0,"NaN",0.7906871400441885,0.0,0.7906871400441885
0.811,0,85621,22552,0,"NaN",0.7915191406358334,0.0,0.7915191406358334
0.812,0,85819,22354,0,"NaN",0.793349541937452,0.0,0.793349541937452
0.8130000000000001,0,85962,22211,0,"NaN",0.7946714984330655,0.0,0.7946714984330655
0.8140000000000001,0,86053,22120,0,"NaN",0.7955127434757286,0.0,0.7955127434757286
0.8150000000000001,0,86063,22110,0,"NaN",0.7956051879859115,0.0,0.7956051879859115
0.8160000000000001,0,86074,22099,0,"NaN",0.7957068769471125,0.0,0.7957068769471125
0.8170000000000001,0,86087,22086,0,"NaN",0.7958270548103501,0.0,0.7958270548103501
0.8180000000000001,0,86113,22060,0,"NaN",0.7960674105368253,0.0,0.7960674105368253
0.8190000000000001,0,86177,21996,0,"NaN",0.796659055401995,0.0,0.796659055401995
0.8200000000000001,0,86274,21899,0,"NaN",0.7975557671507677,0.0,0.7975557671507677
0.8210000000000001,0,86458,21715,0,"NaN",0.7992567461381306,0.0,0.7992567461381306
0.8220000000000001,0,86691,21482,0,"NaN",0.801410703225389,0.0,0.801410703225389
0.8230000000000001,0,86792,21381,0,"NaN",0.8023443927782349,0.0,0.8023443927782349
0.8240000000000001,0,86815,21358,0,"NaN",0.8025570151516552,0.0,0.8025570151516552
0.8250000000000001,0,86821,21352,0,"NaN",0.8026124818577649,0.0,0.8026124818577649
0.8260000000000001,0,86828,21345,0,"NaN",0.8026771930148928,0.0,0.8026771930148928
0.8270000000000001,0,86858,21315,0,"NaN",0.8029545265454411,0.0,0.8029545265454411
0.8280000000000001,0,86879,21294,0,"NaN",0.803148660016825,0.0,0.803148660016825
0.8290000000000001,0,86918,21255,0,"NaN",0.8035091936065377,0.0,0.8035091936065377
0.8300000000000001,0,86969,21204,0,"NaN",0.8039806606084697,0.0,0.8039806606084697
0.8310000000000001,0,87144,21029,0,"NaN",0.8055984395366681,0.0,0.8055984395366681
0.8320000000000001,0,87395,20778,0,"NaN",0.8079187967422554,0.0,0.8079187967422554
0.833,0,87572,20601,0,"NaN",0.8095550645724904,0.0,0.8095550645724904
0.834,0,87572,20601,0,"NaN",0.8095550645724904,0.0,0.8095550645724904
0.835,0,87584,20589,0,"NaN",0.8096659979847097,0.0,0.8096659979847097
0.836,0,87595,20578,0,"NaN",0.8097676869459107,0.0,0.8097676869459107
0.837,0,87622,20551,0,"NaN",0.8100172871234042,0.0,0.8100172871234042
0.838,0,87649,20524,0,"NaN",0.8102668873008977,0.0,0.8102668873008977
0.839,0,87686,20487,0,"NaN",0.8106089319885739,0.0,0.8106089319885739
0.84,0,87794,20379,0,"NaN",0.8116073326985477,0.0,0.8116073326985477
0.841,0,87914,20259,0,"NaN",0.8127166668207408,0.0,0.8127166668207408
0.842,0,88208,19965,0,"NaN",0.8154345354201141,0.0,0.8154345354201141
0.843,0,88250,19923,0,"NaN",0.8158228023628816,0.0,0.8158228023628816
0.844,0,88271,19902,0,"NaN",0.8160169358342655,0.0,0.8160169358342655
0.845,0,88274,19899,0,"NaN",0.8160446691873203,0.0,0.8160446691873203
0.846,0,88284,19889,0,"NaN",0.8161371136975031,0.0,0.8161371136975031
0.847,0,88316,19857,0,"NaN",0.8164329361300879,0.0,0.8164329361300879
0.848,0,88339,19834,0,"NaN",0.8166455585035083,0.0,0.8166455585035083
0.849,0,88394,19779,0,"NaN",0.8171540033095135,0.0,0.8171540033095135
0.85,0,88536,19637,0,"NaN",0.8184667153541086,0.0,0.8184667153541086
0.851,0,88783,19390,0,"NaN",0.8207500947556229,0.0,0.8207500947556229
0.852,0,88929,19244,0,"NaN",0.8220997846042912,0.0,0.8220997846042912
0.853,0,89032,19141,0,"NaN",0.8230519630591737,0.0,0.8230519630591737
0.854,0,89035,19138,0,"NaN",0.8230796964122286,0.0,0.8230796964122286
0.855,0,89037,19136,0,"NaN",0.8230981853142652,0.0,0.8230981853142652
0.856,0,89046,19127,0,"NaN",0.8231813853734296,0.0,0.8231813853734296
0.857,0,89058,19115,0,"NaN",0.8232923187856489,0.0,0.8232923187856489
0.858,0,89064,19109,0,"NaN",0.8233477854917586,0.0,0.8233477854917586
0.859,0,89203,18970,0,"NaN",0.824632764183299,0.0,0.824632764183299
0.86,0,89314,18859,0,"NaN",0.8256588982463277,0.0,0.8256588982463277
0.861,0,89697,18476,0,"NaN",0.8291995229863275,0.0,0.8291995229863275
0.862,0,89856,18317,0,"NaN",0.8306693906982334,0.0,0.8306693906982334
0.863,0,89856,18317,0,"NaN",0.8306693906982334,0.0,0.8306693906982334
0.864,0,89858,18315,0,"NaN",0.8306878796002699,0.0,0.8306878796002699
0.865,0,89858,18315,0,"NaN",0.8306878796002699,0.0,0.8306878796002699
0.866,0,89860,18313,0,"NaN",0.8307063685023065,0.0,0.8307063685023065
0.867,0,89861,18312,0,"NaN",0.8307156129533247,0.0,0.8307156129533247
0.868,0,89896,18277,0,"NaN",0.8310391687389644,0.0,0.8310391687389644
0.869,0,89940,18233,0,"NaN",0.8314459245837686,0.0,0.8314459245837686
0.87,0,90209,17964,0,"NaN",0.8339326819076849,0.0,0.8339326819076849
0.871,0,90412,17761,0,"NaN",0.835809305464395,0.0,0.835809305464395
0.872,0,90646,17527,0,"NaN",0.8379725070026717,0.0,0.8379725070026717
0.873,0,90647,17526,0,"NaN",0.8379817514536899,0.0,0.8379817514536899
0.874,0,90647,17526,0,"NaN",0.8379817514536899,0.0,0.8379817514536899
0.875,0,90647,17526,0,"NaN",0.8379817514536899,0.0,0.8379817514536899
0.876,0,90647,17526,0,"NaN",0.8379817514536899,0.0,0.8379817514536899
0.877,0,90649,17524,0,"NaN",0.8380002403557265,0.0,0.8380002403557265
0.878,0,90675,17498,0,"NaN",0.8382405960822017,0.0,0.8382405960822017
0.879,0,90769,17404,0,"NaN",0.8391095744779197,0.0,0.8391095744779197
0.88,0,90845,17328,0,"NaN",0.8398121527553086,0.0,0.8398121527553086
0.881,0,91094,17079,0,"NaN",0.8421140210588595,0.0,0.8421140210588595
0.882,0,91321,16852,0,"NaN",0.8442125114400081,0.0,0.8442125114400081
0.883,0,91321,16852,0,"NaN",0.8442125114400081,0.0,0.8442125114400081
0.884,0,91321,16852,0,"NaN",0.8442125114400081,0.0,0.8442125114400081
0.885,0,91322,16851,0,"NaN",0.8442217558910264,0.0,0.8442217558910264
0.886,0,91323,16850,0,"NaN",0.8442310003420447,0.0,0.8442310003420447
0.887,0,91343,16830,0,"NaN",0.8444158893624102,0.0,0.8444158893624102
0.888,0,91385,16788,0,"NaN",0.8448041563051778,0.0,0.8448041563051778
0.889,0,91449,16724,0,"NaN",0.8453958011703475,0.0,0.8453958011703475
0.89,0,91686,16487,0,"NaN",0.847586736061679,0.0,0.847586736061679
0.891,0,91890,16283,0,"NaN",0.8494726040694074,0.0,0.8494726040694074
0.892,0,91890,16283,0,"NaN",0.8494726040694074,0.0,0.8494726040694074
0.893,0,91890,16283,0,"NaN",0.8494726040694074,0.0,0.8494726040694074
0.894,0,91890,16283,0,"NaN",0.8494726040694074,0.0,0.8494726040694074
0.895,0,91891,16282,0,"NaN",0.8494818485204256,0.0,0.8494818485204256
0.896,0,91902,16271,0,"NaN",0.8495835374816266,0.0,0.8495835374816266
0.897,0,91902,16271,0,"NaN",0.8495835374816266,0.0,0.8495835374816266
0.898,0,91907,16266,0,"NaN",0.8496297597367181,0.0,0.8496297597367181
0.899,0,91970,16203,0,"NaN",0.8502121601508694,0.0,0.8502121601508694
0.9,0,92123,16050,0,"NaN",0.8516265611566657,0.0,0.8516265611566657
0.901,0,92264,15909,0,"NaN",0.8529300287502427,0.0,0.8529300287502427
0.902,0,92264,15909,0,"NaN",0.8529300287502427,0.0,0.8529300287502427
0.903,0,92264,15909,0,"NaN",0.8529300287502427,0.0,0.8529300287502427
0.904,0,92264,15909,0,"NaN",0.8529300287502427,0.0,0.8529300287502427
0.905,0,92264,15909,0,"NaN",0.8529300287502427,0.0,0.8529300287502427
0.906,0,92264,15909,0,"NaN",0.8529300287502427,0.0,0.8529300287502427
0.907,0,92266,15907,0,"NaN",0.8529485176522792,0.0,0.8529485176522792
0.908,0,92275,15898,0,"NaN",0.8530317177114437,0.0,0.8530317177114437
0.909,0,92303,15870,0,"NaN",0.8532905623399555,0.0,0.8532905623399555
0.91,0,92387,15786,0,"NaN",0.8540670962254906,0.0,0.8540670962254906
0.911,0,92562,15611,0,"NaN",0.855684875153689,0.0,0.855684875153689
0.912,0,92562,15611,0,"NaN",0.855684875153689,0.0,0.855684875153689
0.913,0,92562,15611,0,"NaN",0.855684875153689,0.0,0.855684875153689
0.914,0,92562,15611,0,"NaN",0.855684875153689,0.0,0.855684875153689
0.915,0,92562,15611,0,"NaN",0.855684875153689,0.0,0.855684875153689
0.916,0,92562,15611,0,"NaN",0.855684875153689,0.0,0.855684875153689
0.917,0,92562,15611,0,"NaN",0.855684875153689,0.0,0.855684875153689
0.918,0,92567,15606,0,"NaN",0.8557310974087804,0.0,0.8557310974087804
0.919,0,92643,15530,0,"NaN",0.8564336756861693,0.0,0.8564336756861693
0.92,0,92711,15462,0,"NaN",0.8570622983554121,0.0,0.8570622983554121
0.921,0,92815,15358,0,"NaN",0.8580237212613129,0.0,0.8580237212613129
0.922,0,92816,15357,0,"NaN",0.8580329657123311,0.0,0.8580329657123311
0.923,0,92816,15357,0,"NaN",0.8580329657123311,0.0,0.8580329657123311
0.924,0,92816,15357,0,"NaN",0.8580329657123311,0.0,0.8580329657123311
0.925,0,92816,15357,0,"NaN",0.8580329657123311,0.0,0.8580329657123311
0.926,0,92816,15357,0,"NaN",0.8580329657123311,0.0,0.8580329657123311
0.927,0,92816,15357,0,"NaN",0.8580329657123311,0.0,0.8580329657123311
0.928,0,92817,15356,0,"NaN",0.8580422101633495,0.0,0.8580422101633495
0.929,0,92868,15305,0,"NaN",0.8585136771652815,0.0,0.8585136771652815
0.93,0,93063,15110,0,"NaN",0.8603163451138454,0.0,0.8603163451138454
0.931,0,93063,15110,0,"NaN",0.8603163451138454,0.0,0.8603163451138454
0.932,0,93064,15109,0,"NaN",0.8603255895648637,0.0,0.8603255895648637
0.933,0,93064,15109,0,"NaN",0.8603255895648637,0.0,0.8603255895648637
0.934,0,93065,15108,0,"NaN",0.860334834015882,0.0,0.860334834015882
0.935,0,93065,15108,0,"NaN",0.860334834015882,0.0,0.860334834015882
0.936,0,93065,15108,0,"NaN",0.860334834015882,0.0,0.860334834015882
0.937,0,93065,15108,0,"NaN",0.860334834015882,0.0,0.860334834015882
0.9380000000000001,0,93077,15096,0,"NaN",0.8604457674281013,0.0,0.8604457674281013
0.9390000000000001,0,93077,15096,0,"NaN",0.8604457674281013,0.0,0.8604457674281013
0.9400000000000001,0,93261,14912,0,"NaN",0.8621467464154641,0.0,0.8621467464154641
0.9410000000000001,0,93261,14912,0,"NaN",0.8621467464154641,0.0,0.8621467464154641
0.9420000000000001,0,93261,14912,0,"NaN",0.8621467464154641,0.0,0.8621467464154641
0.9430000000000001,0,93261,14912,0,"NaN",0.8621467464154641,0.0,0.8621467464154641
0.9440000000000001,0,93262,14911,0,"NaN",0.8621559908664824,0.0,0.8621559908664824
0.9450000000000001,0,93262,14911,0,"NaN",0.8621559908664824,0.0,0.8621559908664824
0.9460000000000001,0,93263,14910,0,"NaN",0.8621652353175007,0.0,0.8621652353175007
0.9470000000000001,0,93263,14910,0,"NaN",0.8621652353175007,0.0,0.8621652353175007
0.9480000000000001,0,93263,14910,0,"NaN",0.8621652353175007,0.0,0.8621652353175007
0.9490000000000001,0,93360,14813,0,"NaN",0.8630619470662735,0.0,0.8630619470662735
0.9500000000000001,0,93452,14721,0,"NaN",0.8639124365599549,0.0,0.8639124365599549
0.9510000000000001,0,93452,14721,0,"NaN",0.8639124365599549,0.0,0.8639124365599549
0.9520000000000001,0,93452,14721,0,"NaN",0.8639124365599549,0.0,0.8639124365599549
0.9530000000000001,0,93452,14721,0,"NaN",0.8639124365599549,0.0,0.8639124365599549
0.9540000000000001,0,93452,14721,0,"NaN",0.8639124365599549,0.0,0.8639124365599549
0.9550000000000001,0,93452,14721,0,"NaN",0.8639124365599549,0.0,0.8639124365599549
0.9560000000000001,0,93453,14720,0,"NaN",0.8639216810109731,0.0,0.8639216810109731
0.9570000000000001,0,93453,14720,0,"NaN",0.8639216810109731,0.0,0.8639216810109731
0.9580000000000001,0,93454,14719,0,"NaN",0.8639309254619915,0.0,0.8639309254619915
0.9590000000000001,0,93465,14708,0,"NaN",0.8640326144231925,0.0,0.8640326144231925
0.96,0,93566,14607,0,"NaN",0.8649663039760384,0.0,0.8649663039760384
0.961,0,93566,14607,0,"NaN",0.8649663039760384,0.0,0.8649663039760384
0.962,0,93566,14607,0,"NaN",0.8649663039760384,0.0,0.8649663039760384
0.963,0,93566,14607,0,"NaN",0.8649663039760384,0.0,0.8649663039760384
0.964,0,93566,14607,0,"NaN",0.8649663039760384,0.0,0.8649663039760384
0.965,0,93566,14607,0,"NaN",0.8649663039760384,0.0,0.8649663039760384
0.966,0,93566,14607,0,"NaN",0.8649663039760384,0.0,0.8649663039760384
0.967,0,93566,14607,0,"NaN",0.8649663039760384,0.0,0.8649663039760384
0.968,0,93567,14606,0,"NaN",0.8649755484270567,0.0,0.8649755484270567
0.969,0,93569,14604,0,"NaN",0.8649940373290932,0.0,0.8649940373290932
0.97,0,93680,14493,0,"NaN",0.8660201713921218,0.0,0.8660201713921218
0.971,0,93680,14493,0,"NaN",0.8660201713921218,0.0,0.8660201713921218
0.972,0,93680,14493,0,"NaN",0.8660201713921218,0.0,0.8660201713921218
0.973,0,93680,14493,0,"NaN",0.8660201713921218,0.0,0.8660201713921218
0.974,0,93680,14493,0,"NaN",0.8660201713921218,0.0,0.8660201713921218
0.975,0,93680,14493,0,"NaN",0.8660201713921218,0.0,0.8660201713921218
0.976,0,93680,14493,0,"NaN",0.8660201713921218,0.0,0.8660201713921218
0.977,0,93680,14493,0,"NaN",0.8660201713921218,0.0,0.8660201713921218
0.978,0,93680,14493,0,"NaN",0.8660201713921218,0.0,0.8660201713921218
0.979,0,93699,14474,0,"NaN",0.8661958159614691,0.0,0.8661958159614691
0.98,0,94356,13817,0,"NaN",0.8722694202804766,0.0,0.8722694202804766
0.981,0,94356,13817,0,"NaN",0.8722694202804766,0.0,0.8722694202804766
0.982,0,94356,13817,0,"NaN",0.8722694202804766,0.0,0.8722694202804766
0.983,0,94356,13817,0,"NaN",0.8722694202804766,0.0,0.8722694202804766
0.984,0,94356,13817,0,"NaN",0.8722694202804766,0.0,0.8722694202804766
0.985,0,94356,13817,0,"NaN",0.8722694202804766,0.0,0.8722694202804766
0.986,0,94356,13817,0,"NaN",0.8722694202804766,0.0,0.8722694202804766
0.987,0,94356,13817,0,"NaN",0.8722694202804766,0.0,0.8722694202804766
0.988,0,94356,13817,0,"NaN",0.8722694202804766,0.0,0.8722694202804766
0.989,0,94356,13817,0,"NaN",0.8722694202804766,0.0,0.8722694202804766
0.99,0,97534,10639,0,"NaN",0.9016482856165586,0.0,0.9016482856165586
0.991,0,97534,10639,0,"NaN",0.9016482856165586,0.0,0.9016482856165586
0.992,0,97534,10639,0,"NaN",0.9016482856165586,0.0,0.9016482856165586
0.993,0,97534,10639,0,"NaN",0.9016482856165586,0.0,0.9016482856165586
0.994,0,97534,10639,0,"NaN",0.9016482856165586,0.0,0.9016482856165586
0.995,0,97534,10639,0,"NaN",0.9016482856165586,0.0,0.9016482856165586
0.996,0,97534,10639,0,"NaN",0.9016482856165586,0.0,0.9016482856165586
0.997,0,97534,10639,0,"NaN",0.9016482856165586,0.0,0.9016482856165586
0.998,0,97534,10639,0,"NaN",0.9016482856165586,0.0,0.9016482856165586
0.999,0,97534,10639,0,"NaN",0.9016482856165586,0.0,0.9016482856165586
1.0,0,108173,0,0,"NaN",1.0,"NaN",1.0
